{"cameraMode":{"drawMode":0,"name":"Shaded","section":"Shading Mode"},"sceneLighting":true,"audioPlay":false,"sceneViewState":{"showFog":true,"showMaterialUpdate":false,"showSkybox":true,"showFlares":true,"showImageEffects":true,"showParticleSystems":true},"in2DMode":false,"pivot":{"x":162.55477905273438,"y":6.642273902893066,"z":172.6561737060547},"rotation":{"x":-0.05352143570780754,"y":0.9334819912910461,"z":-0.15717713534832,"w":-0.3178715407848358},"size":10.196212768554688,"orthographic":false}