{"cameraMode":{"drawMode":0,"name":"Shaded","section":"Shading Mode"},"sceneLighting":false,"audioPlay":false,"sceneViewState":{"showFog":true,"showMaterialUpdate":false,"showSkybox":true,"showFlares":true,"showImageEffects":true,"showParticleSystems":true},"in2DMode":false,"pivot":{"x":158.92745971679688,"y":3.5555825233459474,"z":170.78079223632813},"rotation":{"x":-0.03325170278549194,"y":0.9125005006790161,"z":-0.07573912292718888,"w":-0.4006255567073822},"size":11.599104881286621,"orthographic":false}