{"cameraMode":{"drawMode":0,"name":"Shaded","section":"Shading Mode"},"sceneLighting":false,"audioPlay":false,"sceneViewState":{"showFog":true,"showMaterialUpdate":false,"showSkybox":true,"showFlares":true,"showImageEffects":true,"showParticleSystems":true},"in2DMode":false,"pivot":{"x":166.51104736328126,"y":-71.66936492919922,"z":387.6937561035156},"rotation":{"x":-0.16455334424972535,"y":-0.008289717137813568,"z":0.001382573856972158,"w":-0.9863324165344238},"size":241.67848205566407,"orthographic":false}