{"cameraMode":{"drawMode":0,"name":"Shaded","section":"Shading Mode"},"sceneLighting":false,"audioPlay":false,"sceneViewState":{"showFog":true,"showMaterialUpdate":false,"showSkybox":true,"showFlares":true,"showImageEffects":true,"showParticleSystems":true},"in2DMode":false,"pivot":{"x":27.312698364257814,"y":-69.91160583496094,"z":8.136201858520508},"rotation":{"x":0.05295141786336899,"y":-0.9339069724082947,"z":0.1558072715997696,"w":0.3173927366733551},"size":251.02284240722657,"orthographic":false}