{"cameraMode":{"drawMode":0,"name":"Shaded","section":"Shading Mode"},"sceneLighting":false,"audioPlay":false,"sceneViewState":{"showFog":true,"showMaterialUpdate":false,"showSkybox":true,"showFlares":true,"showImageEffects":true,"showParticleSystems":true},"in2DMode":false,"pivot":{"x":24.5119571685791,"y":-74.77831268310547,"z":-7.594288349151611},"rotation":{"x":0.05295141786336899,"y":-0.9339069724082947,"z":0.1558072715997696,"w":0.3173927366733551},"size":251.02284240722657,"orthographic":false}