{"cameraMode":{"drawMode":0,"name":"Shaded","section":"Shading Mode"},"sceneLighting":true,"audioPlay":false,"sceneViewState":{"showFog":true,"showMaterialUpdate":false,"showSkybox":true,"showFlares":true,"showImageEffects":true,"showParticleSystems":true},"in2DMode":false,"pivot":{"x":161.20884704589845,"y":7.594907283782959,"z":177.02459716796876},"rotation":{"x":-0.09093824774026871,"y":0.8998429775238037,"z":-0.22623372077941895,"w":-0.3617059886455536},"size":80.66436004638672,"orthographic":false}