{"cameraMode":{"drawMode":0,"name":"Shaded","section":"Shading Mode"},"sceneLighting":true,"audioPlay":false,"sceneViewState":{"showFog":true,"showMaterialUpdate":false,"showSkybox":true,"showFlares":true,"showImageEffects":true,"showParticleSystems":true},"in2DMode":false,"pivot":{"x":119.45008850097656,"y":-21.76903533935547,"z":136.1270751953125},"rotation":{"x":-0.08159932494163513,"y":0.901813268661499,"z":-0.19533686339855195,"w":-0.37672004103660586},"size":80.66436004638672,"orthographic":false}