{"cameraMode":{"drawMode":0,"name":"Shaded","section":"Shading Mode"},"sceneLighting":false,"audioPlay":false,"sceneViewState":{"showFog":true,"showMaterialUpdate":false,"showSkybox":true,"showFlares":true,"showImageEffects":true,"showParticleSystems":true},"in2DMode":false,"pivot":{"x":159.74411010742188,"y":3.1296985149383547,"z":169.997802734375},"rotation":{"x":-0.08159932494163513,"y":0.901813268661499,"z":-0.19533686339855195,"w":-0.37672004103660586},"size":11.599104881286621,"orthographic":false}